Category ID;Active (0/1);Name *;Parent category;Root category (0/1);Description;Meta title;Meta description;URL rewritten;Image URL
100;1;Bicicletas;1;1;;;;bicicletas;https://jlwenti.com/website/image?model=product.public.category&id=455&field=image_512
101;1;Correpasillos;100;0;;;;bicicletas-correpasillos;https://jlwenti.com/website/image?model=product.public.category&id=301&field=image_512
102;1;12 pulgadas;100;0;;;;bicicletas-12-pulgadas;https://jlwenti.com/website/image?model=product.public.category&id=89&field=image_512
103;1;Niño;102;0;;;;bicicletas-12-pulgadas-nino;https://jlwenti.com/website/image?model=product.public.category&id=90&field=image_512
104;1;Niña;102;0;;;;bicicletas-12-pulgadas-nina;https://jlwenti.com/website/image?model=product.public.category&id=91&field=image_512
105;1;14 Pulgadas;100;0;;;;bicicletas-14-pulgadas;https://jlwenti.com/website/image?model=product.public.category&id=17&field=image_512
106;1;Niño;105;0;;;;bicicletas-14-pulgadas-nino;https://jlwenti.com/website/image?model=product.public.category&id=110&field=image_512
107;1;Niña;105;0;;;;bicicletas-14-pulgadas-nina;https://jlwenti.com/website/image?model=product.public.category&id=109&field=image_512
108;1;16 pulgadas;100;0;;;;bicicletas-16-pulgadas;https://jlwenti.com/website/image?model=product.public.category&id=6&field=image_512
109;1;Niño;108;0;;;;bicicletas-16-pulgadas-nino;https://jlwenti.com/website/image?model=product.public.category&id=8&field=image_512
110;1;Niña;108;0;;;;bicicletas-16-pulgadas-nina;https://jlwenti.com/website/image?model=product.public.category&id=7&field=image_512
111;1;18 pulgadas;100;0;;;;bicicletas-18-pulgadas;https://jlwenti.com/website/image?model=product.public.category&id=111&field=image_512
112;1;Niña;111;0;;;;bicicletas-18-pulgadas-nina;https://jlwenti.com/website/image?model=product.public.category&id=112&field=image_512
113;1;Niño;111;0;;;;bicicletas-18-pulgadas-nino;https://jlwenti.com/website/image?model=product.public.category&id=246&field=image_512
114;1;20 pulgadas;100;0;;;;bicicletas-20-pulgadas;https://jlwenti.com/website/image?model=product.public.category&id=10&field=image_512
115;1;Niño;114;0;;;;bicicletas-20-pulgadas-nino;https://jlwenti.com/website/image?model=product.public.category&id=13&field=image_512
116;1;Niña;114;0;;;;bicicletas-20-pulgadas-nina;https://jlwenti.com/website/image?model=product.public.category&id=11&field=image_512
117;1;24 pulgadas;100;0;;;;bicicletas-24-pulgadas;https://jlwenti.com/website/image?model=product.public.category&id=19&field=image_512
118;1;Hombre;117;0;;;;bicicletas-24-pulgadas-hombre;https://jlwenti.com/website/image?model=product.public.category&id=252&field=image_512
119;1;Niña;117;0;;;;bicicletas-24-pulgadas-nina;https://jlwenti.com/website/image?model=product.public.category&id=20&field=image_512
120;1;26 pulgadas;100;0;;;;bicicletas-26-pulgadas;https://jlwenti.com/website/image?model=product.public.category&id=103&field=image_512
121;1;Aluminio;120;0;;;;bicicletas-26-pulgadas-aluminio;https://jlwenti.com/website/image?model=product.public.category&id=106&field=image_512
122;1;Hombre;121;0;;;;bicicletas-26-pulgadas-aluminio-hombre;https://jlwenti.com/website/image?model=product.public.category&id=414&field=image_512
123;1;Talla 15;122;0;;;;bicicletas-26-pulgadas-aluminio-hombre-talla-15;https://jlwenti.com/website/image?model=product.public.category&id=416&field=image_512
124;1;Talla 17;122;0;;;;bicicletas-26-pulgadas-aluminio-hombre-talla-17;https://jlwenti.com/website/image?model=product.public.category&id=417&field=image_512
125;1;Talla 18;122;0;;;;bicicletas-26-pulgadas-aluminio-hombre-talla-18;https://jlwenti.com/website/image?model=product.public.category&id=418&field=image_512
126;1;Talla 19;122;0;;;;bicicletas-26-pulgadas-aluminio-hombre-talla-19;https://jlwenti.com/website/image?model=product.public.category&id=419&field=image_512
127;1;Talla 20;122;0;;;;bicicletas-26-pulgadas-aluminio-hombre-talla-20;https://jlwenti.com/website/image?model=product.public.category&id=420&field=image_512
128;1;Talla 21;122;0;;;;bicicletas-26-pulgadas-aluminio-hombre-talla-21;https://jlwenti.com/website/image?model=product.public.category&id=443&field=image_512
129;1;Mujer;121;0;;;;bicicletas-26-pulgadas-aluminio-mujer;https://jlwenti.com/website/image?model=product.public.category&id=415&field=image_512
130;1;Talla 15;129;0;;;;bicicletas-26-pulgadas-aluminio-mujer-talla-15;https://jlwenti.com/website/image?model=product.public.category&id=421&field=image_512
131;1;Talla 17;129;0;;;;bicicletas-26-pulgadas-aluminio-mujer-talla-17;https://jlwenti.com/website/image?model=product.public.category&id=422&field=image_512
132;1;Talla 18;129;0;;;;bicicletas-26-pulgadas-aluminio-mujer-talla-18;https://jlwenti.com/website/image?model=product.public.category&id=423&field=image_512
133;1;Talla 19;129;0;;;;bicicletas-26-pulgadas-aluminio-mujer-talla-19;https://jlwenti.com/website/image?model=product.public.category&id=424&field=image_512
134;1;Hombre;120;0;;;;bicicletas-26-pulgadas-hombre;https://jlwenti.com/website/image?model=product.public.category&id=107&field=image_512
135;1;Mujer;120;0;;;;bicicletas-26-pulgadas-mujer;https://jlwenti.com/website/image?model=product.public.category&id=257&field=image_512
136;1;Paseo/Cruiser;120;0;;;;bicicletas-26-pulgadas-paseo-cruiser;https://jlwenti.com/website/image?model=product.public.category&id=104&field=image_512
137;1;"27,5"" pulgadas";100;0;;;;bicicletas-27-5-pulgadas;https://jlwenti.com/website/image?model=product.public.category&id=437&field=image_512
138;1;28 Pulgadas;100;0;;;;bicicletas-28-pulgadas;https://jlwenti.com/website/image?model=product.public.category&id=338&field=image_512
139;1;"29"" pulgadas";100;0;;;;bicicletas-29-pulgadas;https://jlwenti.com/website/image?model=product.public.category&id=438&field=image_512
140;1;BMX;100;0;;;;bicicletas-bmx;https://jlwenti.com/website/image?model=product.public.category&id=439&field=image_512
141;1;E-Bikes;100;0;;;;bicicletas-e-bikes;https://jlwenti.com/website/image?model=product.public.category&id=502&field=image_512
142;1;Plegables;100;0;;;;bicicletas-plegables;https://jlwenti.com/website/image?model=product.public.category&id=334&field=image_512
143;1;Oferta;100;0;;;;bicicletas-oferta;https://jlwenti.com/website/image?model=product.public.category&id=488&field=image_512
144;1;Outlet (Consultar);100;0;;;;bicicletas-outlet-consultar;https://jlwenti.com/website/image?model=product.public.category&id=489&field=image_512
145;1;Accesorios;1;1;;;;accesorios;https://jlwenti.com/website/image?model=product.public.category&id=23&field=image_512
146;1;Aros de pantalon;145;0;;;;accesorios-aros-de-pantalon;https://jlwenti.com/website/image?model=product.public.category&id=74&field=image_512
147;1;Aletas;145;0;;;;accesorios-aletas;https://jlwenti.com/website/image?model=product.public.category&id=73&field=image_512
148;1;Bidones;145;0;;;;accesorios-bidones;https://jlwenti.com/website/image?model=product.public.category&id=75&field=image_512
149;1;Bidones 500-650 cc;148;0;;;;accesorios-bidones-bidones-500-650-cc;https://jlwenti.com/website/image?model=product.public.category&id=76&field=image_512
150;1;Bidones 700 - 1000 cc;148;0;;;;accesorios-bidones-bidones-700-1000-cc;https://jlwenti.com/website/image?model=product.public.category&id=78&field=image_512
151;1;Bidones infantiles;148;0;;;;accesorios-bidones-bidones-infantiles;https://jlwenti.com/website/image?model=product.public.category&id=79&field=image_512
152;1;Fundas de bidón;148;0;;;;accesorios-bidones-fundas-de-bidon;https://jlwenti.com/website/image?model=product.public.category&id=77&field=image_512
153;1;Bolsos;145;0;;;;accesorios-bolsos;https://jlwenti.com/website/image?model=product.public.category&id=80&field=image_512
154;1;Alforjas;153;0;;;;accesorios-bolsos-alforjas;https://jlwenti.com/website/image?model=product.public.category&id=81&field=image_512
155;1;Fundas de transporte;153;0;;;;accesorios-bolsos-fundas-de-transporte;https://jlwenti.com/website/image?model=product.public.category&id=85&field=image_512
156;1;Fundas movil;153;0;;;;accesorios-bolsos-fundas-movil;https://jlwenti.com/website/image?model=product.public.category&id=84&field=image_512
157;1;Bolsos sillin;153;0;;;;accesorios-bolsos-bolsos-sillin;https://jlwenti.com/website/image?model=product.public.category&id=83&field=image_512
158;1;Mochilas y bolsas hidratación;153;0;;;;accesorios-bolsos-mochilas-y-bolsas-hidratacion;https://jlwenti.com/website/image?model=product.public.category&id=82&field=image_512
159;1;Candados;145;0;;;;accesorios-candados;https://jlwenti.com/website/image?model=product.public.category&id=86&field=image_512
160;1;Candados-U;159;0;;;;accesorios-candados-candados-u;https://jlwenti.com/website/image?model=product.public.category&id=356&field=image_512
161;1;Varios;159;0;;;;accesorios-candados-varios;https://jlwenti.com/website/image?model=product.public.category&id=427&field=image_512
162;1;Menor que 100cm;159;0;;;;menor-que-100cm;https://jlwenti.com/website/image?model=product.public.category&id=429&field=image_512
163;1;Mayor que 100cm;159;0;;;;mayor-que-100cm;https://jlwenti.com/website/image?model=product.public.category&id=428&field=image_512
164;1;Cestas;145;0;;;;accesorios-cestas;https://jlwenti.com/website/image?model=product.public.category&id=87&field=image_512
165;1;CTB / MTB;164;0;;;;accesorios-cestas-ctb-mtb;https://jlwenti.com/website/image?model=product.public.category&id=93&field=image_512
166;1;Infantiles;164;0;;;;accesorios-cestas-infantiles;https://jlwenti.com/website/image?model=product.public.category&id=88&field=image_512
167;1;Cuentakilometros;145;0;;;;accesorios-cuentakilometros;https://jlwenti.com/website/image?model=product.public.category&id=99&field=image_512
168;1;Smartwatch;167;0;;;;accesorios-cuentakilometros-smartwatch;https://jlwenti.com/website/image?model=product.public.category&id=516&field=image_512
169;1;Varios;167;0;;;;accesorios-cuentakilometros-varios;https://jlwenti.com/website/image?model=product.public.category&id=101&field=image_512
170;1;Recambios;167;0;;;;accesorios-cuentakilometros-recambios;https://jlwenti.com/website/image?model=product.public.category&id=425&field=image_512
171;1;Sigma;167;0;;;;accesorios-cuentakilometros-sigma;https://jlwenti.com/website/image?model=product.public.category&id=100&field=image_512
172;1;Complementos;145;0;;;;accesorios-complementos;https://jlwenti.com/website/image?model=product.public.category&id=94&field=image_512
173;1;Protectores cuadro;172;0;;;;accesorios-complementos-protectores-cuadro;https://jlwenti.com/website/image?model=product.public.category&id=96&field=image_512
174;1;Tapones de valvula;172;0;;;;accesorios-complementos-tapones-de-valvula;https://jlwenti.com/website/image?model=product.public.category&id=97&field=image_512
175;1;Adhesivos;172;0;;;;accesorios-complementos-adhesivos;https://jlwenti.com/website/image?model=product.public.category&id=95&field=image_512
176;1;Varios;172;0;;;;accesorios-complementos-varios;https://jlwenti.com/website/image?model=product.public.category&id=98&field=image_512
177;1;Espejos;145;0;;;;accesorios-espejos;https://jlwenti.com/website/image?model=product.public.category&id=72&field=image_512
178;1;Estabilizadores;145;0;;;;accesorios-estabilizadores;https://jlwenti.com/website/image?model=product.public.category&id=113&field=image_512
179;1;Recambios;178;0;;;;accesorios-estabilizadores-recambios;https://jlwenti.com/website/image?model=product.public.category&id=115&field=image_512
180;1;Estabilizadores;178;0;;;;accesorios-estabilizadores-estabilizadores;https://jlwenti.com/website/image?model=product.public.category&id=114&field=image_512
181;1;Expositores y perchas;145;0;;;;accesorios-expositores-y-perchas;https://jlwenti.com/website/image?model=product.public.category&id=133&field=image_512
182;1;Expositores;181;0;;;;accesorios-expositores-y-perchas-expositores;https://jlwenti.com/website/image?model=product.public.category&id=116&field=image_512
183;1;Perchas;181;0;;;;accesorios-expositores-y-perchas-perchas;https://jlwenti.com/website/image?model=product.public.category&id=132&field=image_512
184;1;Guardabarros;145;0;;;;accesorios-guardabarros;https://jlwenti.com/website/image?model=product.public.category&id=117&field=image_512
185;1;Infladores;145;0;;;;accesorios-infladores;https://jlwenti.com/website/image?model=product.public.category&id=26&field=image_512
186;1;Accesorios Infladores;185;0;;;;accesorios-infladores-accesorios-infladores;https://jlwenti.com/website/image?model=product.public.category&id=27&field=image_512
187;1;Abrazaderas;186;0;;;;accesorios-infladores-accesorios-infladores-abrazaderas;https://jlwenti.com/website/image?model=product.public.category&id=123&field=image_512
188;1;Adaptadores;186;0;;;;accesorios-infladores-accesorios-infladores-adaptadores;https://jlwenti.com/website/image?model=product.public.category&id=28&field=image_512
189;1;Racord;186;0;;;;accesorios-infladores-accesorios-infladores-racord;https://jlwenti.com/website/image?model=product.public.category&id=118&field=image_512
190;1;Bombonas CO2;186;0;;;;accesorios-infladores-accesorios-infladores-bombonas-co2;https://jlwenti.com/website/image?model=product.public.category&id=121&field=image_512
191;1;Clásicas;185;0;;;;accesorios-infladores-clasicas;https://jlwenti.com/website/image?model=product.public.category&id=122&field=image_512
192;1;Infladores taller;185;0;;;;accesorios-infladores-infladores-taller;https://jlwenti.com/website/image?model=product.public.category&id=120&field=image_512
193;1;Mini infladores;185;0;;;;accesorios-infladores-mini-infladores;https://jlwenti.com/website/image?model=product.public.category&id=58&field=image_512
194;1;Luces;145;0;;;;accesorios-luces;https://jlwenti.com/website/image?model=product.public.category&id=55&field=image_512
195;1;Recambios y baterias;194;0;;;;accesorios-luces-recambios-y-baterias;https://jlwenti.com/website/image?model=product.public.category&id=446&field=image_512
196;1;Trasera;194;0;;;;accesorios-luces-trasera;https://jlwenti.com/website/image?model=product.public.category&id=129&field=image_512
197;1;Conjuntos;194;0;;;;accesorios-luces-conjuntos;https://jlwenti.com/website/image?model=product.public.category&id=56&field=image_512
198;1;Dinamo;194;0;;;;accesorios-luces-dinamo;https://jlwenti.com/website/image?model=product.public.category&id=124&field=image_512
199;1;Reflectores;194;0;;;;accesorios-luces-reflectores;https://jlwenti.com/website/image?model=product.public.category&id=128&field=image_512
200;1;Delantera;194;0;;;;accesorios-luces-delantera;https://jlwenti.com/website/image?model=product.public.category&id=57&field=image_512
201;1;Patas;145;0;;;;accesorios-patas;https://jlwenti.com/website/image?model=product.public.category&id=131&field=image_512
202;1;Portabidones;145;0;;;;accesorios-portabidones;https://jlwenti.com/website/image?model=product.public.category&id=24&field=image_512
203;1;Acero;202;0;;;;accesorios-portabidones-acero;https://jlwenti.com/website/image?model=product.public.category&id=134&field=image_512
204;1;Aluminio;202;0;;;;accesorios-portabidones-aluminio;https://jlwenti.com/website/image?model=product.public.category&id=25&field=image_512
205;1;Fibra;202;0;;;;accesorios-portabidones-fibra;https://jlwenti.com/website/image?model=product.public.category&id=137&field=image_512
206;1;Carbono;202;0;;;;accesorios-portabidones-carbono;https://jlwenti.com/website/image?model=product.public.category&id=135&field=image_512
207;1;Varios;202;0;;;;accesorios-portabidones-varios;https://jlwenti.com/website/image?model=product.public.category&id=139&field=image_512
208;1;Infantil;202;0;;;;accesorios-portabidones-infantil;https://jlwenti.com/website/image?model=product.public.category&id=138&field=image_512
209;1;Portabultos;145;0;;;;accesorios-portabultos;https://jlwenti.com/website/image?model=product.public.category&id=140&field=image_512
210;1;Pulpos;209;0;;;;accesorios-portabultos-pulpos;https://jlwenti.com/website/image?model=product.public.category&id=142&field=image_512
211;1;Trasero;209;0;;;;accesorios-portabultos-trasero;https://jlwenti.com/website/image?model=product.public.category&id=143&field=image_512
212;1;A la tija;209;0;;;;accesorios-portabultos-a-la-tija;https://jlwenti.com/website/image?model=product.public.category&id=144&field=image_512
213;1;Delantera;209;0;;;;accesorios-portabultos-delantera;https://jlwenti.com/website/image?model=product.public.category&id=141&field=image_512
214;1;Posapies;145;0;;;;accesorios-posapies;https://jlwenti.com/website/image?model=product.public.category&id=145&field=image_512
215;1;Protesis;145;0;;;;accesorios-protesis;https://jlwenti.com/website/image?model=product.public.category&id=31&field=image_512
216;1;Sillitas portabebes;145;0;;;;accesorios-sillitas-portabebes;https://jlwenti.com/website/image?model=product.public.category&id=149&field=image_512
217;1;Portamuñecas;216;0;;;;accesorios-sillitas-portabebes-portamunecas;https://jlwenti.com/website/image?model=product.public.category&id=152&field=image_512
218;1;AL PORTAMALETAS;216;0;;;;accesorios-sillitas-portabebes-al-portamaletas;https://jlwenti.com/website/image?model=product.public.category&id=153&field=image_512
219;1;Delantera;216;0;;;;accesorios-sillitas-portabebes-delantera;https://jlwenti.com/website/image?model=product.public.category&id=151&field=image_512
220;1;AL CUADRO;216;0;;;;accesorios-sillitas-portabebes-al-cuadro;https://jlwenti.com/website/image?model=product.public.category&id=150&field=image_512
221;1;Timbres;145;0;;;;accesorios-timbres;https://jlwenti.com/website/image?model=product.public.category&id=29&field=image_512
222;1;Bocinas;221;0;;;;accesorios-timbres-bocinas;https://jlwenti.com/website/image?model=product.public.category&id=347&field=image_512
223;1;Expositores;221;0;;;;accesorios-timbres-expositores;https://jlwenti.com/website/image?model=product.public.category&id=484&field=image_512
224;1;Adulto;221;0;;;;accesorios-timbres-adulto;https://jlwenti.com/website/image?model=product.public.category&id=154&field=image_512
225;1;Infantil;221;0;;;;accesorios-timbres-infantil;https://jlwenti.com/website/image?model=product.public.category&id=30&field=image_512
226;1;Componentes;1;1;;;;componentes;https://jlwenti.com/website/image?model=product.public.category&id=452&field=image_512
227;1;Bielas;226;0;;;;componentes-bielas;https://jlwenti.com/website/image?model=product.public.category&id=156&field=image_512
228;1;Bielas acero;227;0;;;;componentes-bielas-bielas-acero;https://jlwenti.com/website/image?model=product.public.category&id=158&field=image_512
229;1;Bielas aluminio;227;0;;;;componentes-bielas-bielas-aluminio;https://jlwenti.com/website/image?model=product.public.category&id=157&field=image_512
230;1;Bielas BMX;227;0;;;;componentes-bielas-bielas-bmx;https://jlwenti.com/website/image?model=product.public.category&id=426&field=image_512
231;1;Bielas E-Bike;227;0;;;;componentes-bielas-bielas-e-bike;https://jlwenti.com/website/image?model=product.public.category&id=523&field=image_512
232;1;Bolas y rodamientos;226;0;;;;componentes-bolas-y-rodamientos;https://jlwenti.com/website/image?model=product.public.category&id=159&field=image_512
233;1;Bolas;232;0;;;;componentes-bolas-y-rodamientos-bolas;https://jlwenti.com/website/image?model=product.public.category&id=483&field=image_512
234;1;Direccion;232;0;;;;componentes-bolas-y-rodamientos-direccion;https://jlwenti.com/website/image?model=product.public.category&id=161&field=image_512
235;1;Pedalier;232;0;;;;componentes-bolas-y-rodamientos-pedalier;https://jlwenti.com/website/image?model=product.public.category&id=162&field=image_512
236;1;Rueda;232;0;;;;componentes-bolas-y-rodamientos-rueda;https://jlwenti.com/website/image?model=product.public.category&id=163&field=image_512
237;1;Sellados;232;0;;;;componentes-bolas-y-rodamientos-sellados;https://jlwenti.com/website/image?model=product.public.category&id=493&field=image_512
238;1;Cables, guias, terminales;226;0;;;;componentes-cables-guias-terminales;https://jlwenti.com/website/image?model=product.public.category&id=48&field=image_512
239;1;Cambio;238;0;;;;componentes-cables-guias-terminales-cambio;https://jlwenti.com/website/image?model=product.public.category&id=165&field=image_512
240;1;Freno;238;0;;;;componentes-cables-guias-terminales-freno;https://jlwenti.com/website/image?model=product.public.category&id=166&field=image_512
241;1;Terminales;238;0;;;;componentes-cables-guias-terminales-terminales;https://jlwenti.com/website/image?model=product.public.category&id=450&field=image_512
242;1;Terminales y guias;241;0;;;;componentes-cables-guias-terminales-terminales-y-guias;https://jlwenti.com/website/image?model=product.public.category&id=164&field=image_512
243;1;Camaras;226;0;;;;componentes-camaras;https://jlwenti.com/website/image?model=product.public.category&id=52&field=image_512
244;1;"12""";243;0;;;;componentes-camaras-12;https://jlwenti.com/website/image?model=product.public.category&id=366&field=image_512
245;1;"14""";243;0;;;;componentes-camaras-14;https://jlwenti.com/website/image?model=product.public.category&id=367&field=image_512
246;1;"16""";243;0;;;;componentes-camaras-16;https://jlwenti.com/website/image?model=product.public.category&id=368&field=image_512
247;1;"18""";243;0;;;;componentes-camaras-18;https://jlwenti.com/website/image?model=product.public.category&id=369&field=image_512
248;1;"20""";243;0;;;;componentes-camaras-20;https://jlwenti.com/website/image?model=product.public.category&id=370&field=image_512
249;1;"24""";243;0;;;;componentes-camaras-24;https://jlwenti.com/website/image?model=product.public.category&id=371&field=image_512
250;1;"26""";243;0;;;;componentes-camaras-26;https://jlwenti.com/website/image?model=product.public.category&id=372&field=image_512
251;1;"27,5""";243;0;;;;componentes-camaras-27-5;https://jlwenti.com/website/image?model=product.public.category&id=373&field=image_512
252;1;"28""";243;0;;;;componentes-camaras-28;https://jlwenti.com/website/image?model=product.public.category&id=449&field=image_512
253;1;"29""";243;0;;;;componentes-camaras-29;https://jlwenti.com/website/image?model=product.public.category&id=375&field=image_512
254;1;"700""";243;0;;;;componentes-camaras-700;https://jlwenti.com/website/image?model=product.public.category&id=374&field=image_512
255;1;OTRAS;243;0;;;;componentes-camaras-otras;https://jlwenti.com/website/image?model=product.public.category&id=444&field=image_512
256;1;Cadenas;226;0;;;;componentes-cadenas;https://jlwenti.com/website/image?model=product.public.category&id=167&field=image_512
257;1;Recambios;256;0;;;;componentes-cadenas-recambios;https://jlwenti.com/website/image?model=product.public.category&id=170&field=image_512
258;1;Rollos de cadena;256;0;;;;componentes-cadenas-rollos-de-cadena;https://jlwenti.com/website/image?model=product.public.category&id=336&field=image_512
259;1;1 VEL;256;0;;;;componentes-cadenas-1-vel;https://jlwenti.com/website/image?model=product.public.category&id=168&field=image_512
260;1;5/6/7/8 VEL;256;0;;;;componentes-cadenas-5-6-7-8-vel;https://jlwenti.com/website/image?model=product.public.category&id=169&field=image_512
261;1;9/10 VEL;256;0;;;;componentes-cadenas-9-10-vel;https://jlwenti.com/website/image?model=product.public.category&id=514&field=image_512
262;1;11/12 VEL;256;0;;;;componentes-cadenas-11-12-vel;https://jlwenti.com/website/image?model=product.public.category&id=495&field=image_512
263;1;Cambios;226;0;;;;componentes-cambios;https://jlwenti.com/website/image?model=product.public.category&id=69&field=image_512
264;1;Mandos de cambio;263;0;;;;componentes-cambios-mandos-de-cambio;https://jlwenti.com/website/image?model=product.public.category&id=70&field=image_512
265;1;Cambios traseros;263;0;;;;componentes-cambios-cambios-traseros;https://jlwenti.com/website/image?model=product.public.category&id=174&field=image_512
266;1;Desviadores;263;0;;;;componentes-cambios-desviadores;https://jlwenti.com/website/image?model=product.public.category&id=36&field=image_512
267;1;Protector de cambio;263;0;;;;componentes-cambios-protector-de-cambio;https://jlwenti.com/website/image?model=product.public.category&id=171&field=image_512
268;1;Recambios;263;0;;;;componentes-cambios-recambios;https://jlwenti.com/website/image?model=product.public.category&id=173&field=image_512
269;1;Camisas;226;0;;;;componentes-camisas;https://jlwenti.com/website/image?model=product.public.category&id=176&field=image_512
270;1;Accesorios;269;0;;;;componentes-camisas-accesorios;https://jlwenti.com/website/image?model=product.public.category&id=177&field=image_512
271;1;Cambio;269;0;;;;componentes-camisas-cambio;https://jlwenti.com/website/image?model=product.public.category&id=178&field=image_512
272;1;Freno;269;0;;;;componentes-camisas-freno;https://jlwenti.com/website/image?model=product.public.category&id=179&field=image_512
273;1;Piñones;226;0;;;;componentes-pinones;https://jlwenti.com/website/image?model=product.public.category&id=46&field=image_512
274;1;Fijos;273;0;;;;componentes-pinones-fijos;https://jlwenti.com/website/image?model=product.public.category&id=482&field=image_512
275;1;1 velocidad;273;0;;;;componentes-pinones-1-velocidad;https://jlwenti.com/website/image?model=product.public.category&id=283&field=image_512
276;1;Cassette;273;0;;;;componentes-pinones-cassette;https://jlwenti.com/website/image?model=product.public.category&id=284&field=image_512
277;1;Rosca;273;0;;;;componentes-pinones-rosca;https://jlwenti.com/website/image?model=product.public.category&id=47&field=image_512
278;1;Cierres;226;0;;;;componentes-cierres;https://jlwenti.com/website/image?model=product.public.category&id=180&field=image_512
279;1;Conjuntos;278;0;;;;componentes-cierres-conjuntos;https://jlwenti.com/website/image?model=product.public.category&id=182&field=image_512
280;1;Rueda;278;0;;;;componentes-cierres-rueda;https://jlwenti.com/website/image?model=product.public.category&id=183&field=image_512
281;1;Sillin;278;0;;;;componentes-cierres-sillin;https://jlwenti.com/website/image?model=product.public.category&id=181&field=image_512
282;1;Pasante;278;0;;;;componentes-cierres-pasante;https://jlwenti.com/website/image?model=product.public.category&id=518&field=image_512
283;1;Cintas de manillar;226;0;;;;componentes-cintas-de-manillar;https://jlwenti.com/website/image?model=product.public.category&id=185&field=image_512
284;1;Cubiertas;226;0;;;;componentes-cubiertas;https://jlwenti.com/website/image?model=product.public.category&id=272&field=image_512
285;1;Otras;284;0;;;;componentes-cubiertas-otras;https://jlwenti.com/website/image?model=product.public.category&id=307&field=image_512
286;1;"12""";284;0;;;;componentes-cubiertas-12;https://jlwenti.com/website/image?model=product.public.category&id=274&field=image_512
287;1;"14""";284;0;;;;componentes-cubiertas-14;https://jlwenti.com/website/image?model=product.public.category&id=275&field=image_512
288;1;"16""";284;0;;;;componentes-cubiertas-16;https://jlwenti.com/website/image?model=product.public.category&id=276&field=image_512
289;1;"18""";284;0;;;;componentes-cubiertas-18;https://jlwenti.com/website/image?model=product.public.category&id=277&field=image_512
290;1;"20""";284;0;;;;componentes-cubiertas-20;https://jlwenti.com/website/image?model=product.public.category&id=278&field=image_512
291;1;"22""";284;0;;;;componentes-cubiertas-22;https://jlwenti.com/website/image?model=product.public.category&id=353&field=image_512
292;1;"24""";284;0;;;;componentes-cubiertas-24;https://jlwenti.com/website/image?model=product.public.category&id=279&field=image_512
293;1;"26""";284;0;;;;componentes-cubiertas-26;https://jlwenti.com/website/image?model=product.public.category&id=280&field=image_512
294;1;Menor que 26x1.75;293;0;;;;menor-que-26x1-75;https://jlwenti.com/website/image?model=product.public.category&id=435&field=image_512
295;1;Mayor que 26x1.75;293;0;;;;mayor-que-26x1-75;https://jlwenti.com/website/image?model=product.public.category&id=436&field=image_512
296;1;26x1.3/8 (Varias);293;0;;;;componentes-cubiertas-26-26x1-3-8-varias;https://jlwenti.com/website/image?model=product.public.category&id=434&field=image_512
297;1;"27.5""";284;0;;;;componentes-cubiertas-27-5;https://jlwenti.com/website/image?model=product.public.category&id=335&field=image_512
298;1;"28"" (700)";284;0;;;;componentes-cubiertas-28-700;https://jlwenti.com/website/image?model=product.public.category&id=281&field=image_512
299;1;CTB;298;0;;;;componentes-cubiertas-28-700-ctb;https://jlwenti.com/website/image?model=product.public.category&id=431&field=image_512
300;1;ROAD;298;0;;;;componentes-cubiertas-28-700-road;https://jlwenti.com/website/image?model=product.public.category&id=432&field=image_512
301;1;"29""";284;0;;;;componentes-cubiertas-29;https://jlwenti.com/website/image?model=product.public.category&id=282&field=image_512
302;1;Direcciones;226;0;;;;componentes-direcciones;https://jlwenti.com/website/image?model=product.public.category&id=62&field=image_512
303;1;Ahead;302;0;;;;componentes-direcciones-ahead;https://jlwenti.com/website/image?model=product.public.category&id=187&field=image_512
304;1;Rosca;302;0;;;;componentes-direcciones-rosca;https://jlwenti.com/website/image?model=product.public.category&id=188&field=image_512
305;1;Varios;302;0;;;;componentes-direcciones-varios;https://jlwenti.com/website/image?model=product.public.category&id=64&field=image_512
306;1;Espaciadores;302;0;;;;componentes-direcciones-espaciadores;https://jlwenti.com/website/image?model=product.public.category&id=63&field=image_512
307;1;Ejes pedalier;226;0;;;;componentes-ejes-pedalier;https://jlwenti.com/website/image?model=product.public.category&id=189&field=image_512
308;1;Cazoletas;307;0;;;;componentes-ejes-pedalier-cazoletas;https://jlwenti.com/website/image?model=product.public.category&id=190&field=image_512
309;1;Pedalier sellado;307;0;;;;componentes-ejes-pedalier-pedalier-sellado;https://jlwenti.com/website/image?model=product.public.category&id=191&field=image_512
310;1;Recambios;307;0;;;;componentes-ejes-pedalier-recambios;https://jlwenti.com/website/image?model=product.public.category&id=192&field=image_512
311;1;Simple;307;0;;;;componentes-ejes-pedalier-simple;https://jlwenti.com/website/image?model=product.public.category&id=193&field=image_512
312;1;Frenos;226;0;;;;componentes-frenos;https://jlwenti.com/website/image?model=product.public.category&id=50&field=image_512
313;1;Adaptadores de disco;312;0;;;;componentes-frenos-adaptadores-de-disco;https://jlwenti.com/website/image?model=product.public.category&id=471&field=image_512
314;1;Cantilever;312;0;;;;componentes-frenos-cantilever;https://jlwenti.com/website/image?model=product.public.category&id=196&field=image_512
315;1;Carretera;312;0;;;;componentes-frenos-carretera;https://jlwenti.com/website/image?model=product.public.category&id=197&field=image_512
316;1;Discos;312;0;;;;componentes-frenos-discos;https://jlwenti.com/website/image?model=product.public.category&id=198&field=image_512
317;1;Frenos Varilla;312;0;;;;componentes-frenos-frenos-varilla;https://jlwenti.com/website/image?model=product.public.category&id=477&field=image_512
318;1;Herradura;312;0;;;;componentes-frenos-herradura;https://jlwenti.com/website/image?model=product.public.category&id=195&field=image_512
319;1;Pastillas de disco;312;0;;;;componentes-frenos-pastillas-de-disco;https://jlwenti.com/website/image?model=product.public.category&id=200&field=image_512
320;1;ALLIGATOR;319;0;;;;componentes-frenos-pastillas-de-disco-alligator;https://jlwenti.com/website/image?model=product.public.category&id=448&field=image_512
321;1;AVID;319;0;;;;componentes-frenos-pastillas-de-disco-avid;https://jlwenti.com/website/image?model=product.public.category&id=398&field=image_512
322;1;CANNONDALE;319;0;;;;componentes-frenos-pastillas-de-disco-cannondale;https://jlwenti.com/website/image?model=product.public.category&id=403&field=image_512
323;1;DIATECH;319;0;;;;componentes-frenos-pastillas-de-disco-diatech;https://jlwenti.com/website/image?model=product.public.category&id=407&field=image_512
324;1;FORMULA;319;0;;;;componentes-frenos-pastillas-de-disco-formula;https://jlwenti.com/website/image?model=product.public.category&id=399&field=image_512
325;1;FSA;319;0;;;;componentes-frenos-pastillas-de-disco-fsa;https://jlwenti.com/website/image?model=product.public.category&id=413&field=image_512
326;1;GIANT;319;0;;;;componentes-frenos-pastillas-de-disco-giant;https://jlwenti.com/website/image?model=product.public.category&id=404&field=image_512
327;1;HAYES;319;0;;;;componentes-frenos-pastillas-de-disco-hayes;https://jlwenti.com/website/image?model=product.public.category&id=401&field=image_512
328;1;HOPE;319;0;;;;componentes-frenos-pastillas-de-disco-hope;https://jlwenti.com/website/image?model=product.public.category&id=402&field=image_512
329;1;JOYTECH;319;0;;;;componentes-frenos-pastillas-de-disco-joytech;https://jlwenti.com/website/image?model=product.public.category&id=412&field=image_512
330;1;MANGURA;319;0;;;;componentes-frenos-pastillas-de-disco-mangura;https://jlwenti.com/website/image?model=product.public.category&id=406&field=image_512
331;1;PROMAX;319;0;;;;componentes-frenos-pastillas-de-disco-promax;https://jlwenti.com/website/image?model=product.public.category&id=408&field=image_512
332;1;QUAD;319;0;;;;componentes-frenos-pastillas-de-disco-quad;https://jlwenti.com/website/image?model=product.public.category&id=442&field=image_512
333;1;RST;319;0;;;;componentes-frenos-pastillas-de-disco-rst;https://jlwenti.com/website/image?model=product.public.category&id=410&field=image_512
334;1;SHIMANO;319;0;;;;componentes-frenos-pastillas-de-disco-shimano;https://jlwenti.com/website/image?model=product.public.category&id=397&field=image_512
335;1;SRAM;319;0;;;;componentes-frenos-pastillas-de-disco-sram;https://jlwenti.com/website/image?model=product.public.category&id=411&field=image_512
336;1;SUNTOUR;319;0;;;;componentes-frenos-pastillas-de-disco-suntour;https://jlwenti.com/website/image?model=product.public.category&id=405&field=image_512
337;1;TEKTRO;319;0;;;;componentes-frenos-pastillas-de-disco-tektro;https://jlwenti.com/website/image?model=product.public.category&id=400&field=image_512
338;1;TRP;319;0;;;;componentes-frenos-pastillas-de-disco-trp;https://jlwenti.com/website/image?model=product.public.category&id=409&field=image_512
339;1;VARIAS;319;0;;;;componentes-frenos-pastillas-de-disco-varias;https://jlwenti.com/website/image?model=product.public.category&id=496&field=image_512
340;1;ZOOM;319;0;;;;componentes-frenos-pastillas-de-disco-zoom;https://jlwenti.com/website/image?model=product.public.category&id=441&field=image_512
341;1;Pinzas de disco;312;0;;;;componentes-frenos-pinzas-de-disco;https://jlwenti.com/website/image?model=product.public.category&id=199&field=image_512
342;1;V-Brake;312;0;;;;componentes-frenos-v-brake;https://jlwenti.com/website/image?model=product.public.category&id=53&field=image_512
343;1;Zapatas;312;0;;;;componentes-frenos-zapatas;https://jlwenti.com/website/image?model=product.public.category&id=71&field=image_512
344;1;Cantilever;343;0;;;;componentes-frenos-zapatas-cantilever;https://jlwenti.com/website/image?model=product.public.category&id=361&field=image_512
345;1;Carretera;343;0;;;;componentes-frenos-zapatas-carretera;https://jlwenti.com/website/image?model=product.public.category&id=364&field=image_512
346;1;Tipo antiguo;343;0;;;;componentes-frenos-zapatas-tipo-antiguo;https://jlwenti.com/website/image?model=product.public.category&id=363&field=image_512
347;1;V-brake;343;0;;;;componentes-frenos-zapatas-v-brake;https://jlwenti.com/website/image?model=product.public.category&id=362&field=image_512
348;1;Manetas;312;0;;;;componentes-frenos-manetas;https://jlwenti.com/website/image?model=product.public.category&id=54&field=image_512
349;1;Recambios;312;0;;;;componentes-frenos-recambios;https://jlwenti.com/website/image?model=product.public.category&id=51&field=image_512
350;1;Curvas V-brake;349;0;;;;componentes-frenos-recambios-curvas-v-brake;https://jlwenti.com/website/image?model=product.public.category&id=472&field=image_512
351;1;Frenos Hidraulicos;349;0;;;;componentes-frenos-recambios-frenos-hidraulicos;https://jlwenti.com/website/image?model=product.public.category&id=473&field=image_512
352;1;Gomas V-brake;349;0;;;;componentes-frenos-recambios-gomas-v-brake;https://jlwenti.com/website/image?model=product.public.category&id=476&field=image_512
353;1;Perchas de freno;349;0;;;;componentes-frenos-recambios-perchas-de-freno;https://jlwenti.com/website/image?model=product.public.category&id=474&field=image_512
354;1;Prisionero y otros;349;0;;;;componentes-frenos-recambios-prisionero-y-otros;https://jlwenti.com/website/image?model=product.public.category&id=478&field=image_512
355;1;Tensores;349;0;;;;componentes-frenos-recambios-tensores;https://jlwenti.com/website/image?model=product.public.category&id=475&field=image_512
356;1;Horquillas;226;0;;;;componentes-horquillas;https://jlwenti.com/website/image?model=product.public.category&id=4&field=image_512
357;1;"16""";356;0;;;;componentes-horquillas-16;https://jlwenti.com/website/image?model=product.public.category&id=203&field=image_512
358;1;"18""";356;0;;;;componentes-horquillas-18;https://jlwenti.com/website/image?model=product.public.category&id=204&field=image_512
359;1;"20""";356;0;;;;componentes-horquillas-20;https://jlwenti.com/website/image?model=product.public.category&id=201&field=image_512
360;1;"24""";356;0;;;;componentes-horquillas-24;https://jlwenti.com/website/image?model=product.public.category&id=202&field=image_512
361;1;"26""";356;0;;;;componentes-horquillas-26;https://jlwenti.com/website/image?model=product.public.category&id=205&field=image_512
362;1;27,5;356;0;;;;componentes-horquillas-27-5;https://jlwenti.com/website/image?model=product.public.category&id=348&field=image_512
363;1;"28""";356;0;;;;componentes-horquillas-28;https://jlwenti.com/website/image?model=product.public.category&id=206&field=image_512
364;1;"29""";356;0;;;;componentes-horquillas-29;https://jlwenti.com/website/image?model=product.public.category&id=349&field=image_512
365;1;Accesorios;356;0;;;;componentes-horquillas-accesorios;https://jlwenti.com/website/image?model=product.public.category&id=207&field=image_512
366;1;Manillares;226;0;;;;componentes-manillares;https://jlwenti.com/website/image?model=product.public.category&id=208&field=image_512
367;1;Adaptadores;366;0;;;;componentes-manillares-adaptadores;https://jlwenti.com/website/image?model=product.public.category&id=481&field=image_512
368;1;Bmx;366;0;;;;componentes-manillares-bmx;https://jlwenti.com/website/image?model=product.public.category&id=211&field=image_512
369;1;CTB;366;0;;;;componentes-manillares-ctb;https://jlwenti.com/website/image?model=product.public.category&id=212&field=image_512
370;1;MTB;366;0;;;;componentes-manillares-mtb;https://jlwenti.com/website/image?model=product.public.category&id=214&field=image_512
371;1;Carretera/Gravel;366;0;;;;componentes-manillares-carretera-gravel;https://jlwenti.com/website/image?model=product.public.category&id=515&field=image_512
372;1;Partes Cuadro;226;0;;;;componentes-partes-cuadro;https://jlwenti.com/website/image?model=product.public.category&id=37&field=image_512
373;1;Suspension cuadro;372;0;;;;componentes-partes-cuadro-suspension-cuadro;https://jlwenti.com/website/image?model=product.public.category&id=215&field=image_512
374;1;Varios;372;0;;;;componentes-partes-cuadro-varios;https://jlwenti.com/website/image?model=product.public.category&id=355&field=image_512
375;1;Patillas cuadro;372;0;;;;componentes-partes-cuadro-patillas-cuadro;https://jlwenti.com/website/image?model=product.public.category&id=38&field=image_512
376;1;Pedales;226;0;;;;componentes-pedales;https://jlwenti.com/website/image?model=product.public.category&id=59&field=image_512
377;1;Automaticos;376;0;;;;componentes-pedales-automaticos;https://jlwenti.com/website/image?model=product.public.category&id=216&field=image_512
378;1;Calas;376;0;;;;componentes-pedales-calas;https://jlwenti.com/website/image?model=product.public.category&id=219&field=image_512
379;1;Ciclostatic;376;0;;;;componentes-pedales-ciclostatic;https://jlwenti.com/website/image?model=product.public.category&id=220&field=image_512
380;1;CTB;376;0;;;;componentes-pedales-ctb;https://jlwenti.com/website/image?model=product.public.category&id=222&field=image_512
381;1;Infantiles;376;0;;;;componentes-pedales-infantiles;https://jlwenti.com/website/image?model=product.public.category&id=453&field=image_512
382;1;Plegables;376;0;;;;componentes-pedales-plegables;https://jlwenti.com/website/image?model=product.public.category&id=454&field=image_512
383;1;BMX;376;0;;;;componentes-pedales-bmx;https://jlwenti.com/website/image?model=product.public.category&id=218&field=image_512
384;1;Rastrales;376;0;;;;componentes-pedales-rastrales;https://jlwenti.com/website/image?model=product.public.category&id=223&field=image_512
385;1;MTB;376;0;;;;componentes-pedales-mtb;https://jlwenti.com/website/image?model=product.public.category&id=60&field=image_512
386;1;Platos;226;0;;;;componentes-platos;https://jlwenti.com/website/image?model=product.public.category&id=43&field=image_512
387;1;Sueltos;386;0;;;;componentes-platos-sueltos;https://jlwenti.com/website/image?model=product.public.category&id=494&field=image_512
388;1;BMX;386;0;;;;componentes-platos-bmx;https://jlwenti.com/website/image?model=product.public.category&id=225&field=image_512
389;1;Un plato;386;0;;;;componentes-platos-un-plato;https://jlwenti.com/website/image?model=product.public.category&id=229&field=image_512
390;1;Doble plato;386;0;;;;componentes-platos-doble-plato;https://jlwenti.com/website/image?model=product.public.category&id=228&field=image_512
391;1;E-bike;386;0;;;;componentes-platos-e-bike;https://jlwenti.com/website/image?model=product.public.category&id=517&field=image_512
392;1;Triple plato;386;0;;;;componentes-platos-triple-plato;https://jlwenti.com/website/image?model=product.public.category&id=227&field=image_512
393;1;Protector plato;386;0;;;;componentes-platos-protector-plato;https://jlwenti.com/website/image?model=product.public.category&id=45&field=image_512
394;1;Recambios;386;0;;;;componentes-platos-recambios;https://jlwenti.com/website/image?model=product.public.category&id=44&field=image_512
395;1;Potencias;226;0;;;;componentes-potencias;https://jlwenti.com/website/image?model=product.public.category&id=39&field=image_512
396;1;Prolongadores;395;0;;;;componentes-potencias-prolongadores;https://jlwenti.com/website/image?model=product.public.category&id=231&field=image_512
397;1;Tornillos y Lañas;395;0;;;;componentes-potencias-tornillos-y-lanas;https://jlwenti.com/website/image?model=product.public.category&id=232&field=image_512
398;1;Caña potencia;395;0;;;;componentes-potencias-cana-potencia;https://jlwenti.com/website/image?model=product.public.category&id=40&field=image_512
399;1;Ahead;395;0;;;;componentes-potencias-ahead;https://jlwenti.com/website/image?model=product.public.category&id=66&field=image_512
400;1;Puños;226;0;;;;componentes-punos;https://jlwenti.com/website/image?model=product.public.category&id=233&field=image_512
401;1;BMX;400;0;;;;componentes-punos-bmx;https://jlwenti.com/website/image?model=product.public.category&id=386&field=image_512
402;1;CTB;400;0;;;;componentes-punos-ctb;https://jlwenti.com/website/image?model=product.public.category&id=387&field=image_512
403;1;MTB;400;0;;;;componentes-punos-mtb;https://jlwenti.com/website/image?model=product.public.category&id=236&field=image_512
404;1;Espuma/Foam;403;0;;;;componentes-punos-mtb-espuma-foam;https://jlwenti.com/website/image?model=product.public.category&id=388&field=image_512
405;1;Goma/Gel;403;0;;;;componentes-punos-mtb-goma-gel;https://jlwenti.com/website/image?model=product.public.category&id=389&field=image_512
406;1;Infantiles;400;0;;;;componentes-punos-infantiles;https://jlwenti.com/website/image?model=product.public.category&id=234&field=image_512
407;1;Ruedas (COMPONENTES);226;0;;;;componentes-ruedas-componentes;https://jlwenti.com/website/image?model=product.public.category&id=41&field=image_512
408;1;Llantas;407;0;;;;componentes-ruedas-componentes-llantas;https://jlwenti.com/website/image?model=product.public.category&id=492&field=image_512
409;1;Protector de radios;407;0;;;;componentes-ruedas-componentes-protector-de-radios;https://jlwenti.com/website/image?model=product.public.category&id=240&field=image_512
410;1;Radios;407;0;;;;componentes-ruedas-componentes-radios;https://jlwenti.com/website/image?model=product.public.category&id=241&field=image_512
411;1;Ruedas completas;407;0;;;;componentes-ruedas-componentes-ruedas-completas;https://jlwenti.com/website/image?model=product.public.category&id=243&field=image_512
412;1;"12""";411;0;;;;componentes-ruedas-componentes-ruedas-completas-12;https://jlwenti.com/website/image?model=product.public.category&id=376&field=image_512
413;1;"14""";411;0;;;;componentes-ruedas-componentes-ruedas-completas-14;https://jlwenti.com/website/image?model=product.public.category&id=377&field=image_512
414;1;"16""";411;0;;;;componentes-ruedas-componentes-ruedas-completas-16;https://jlwenti.com/website/image?model=product.public.category&id=378&field=image_512
415;1;"18""";411;0;;;;componentes-ruedas-componentes-ruedas-completas-18;https://jlwenti.com/website/image?model=product.public.category&id=379&field=image_512
416;1;"20""";411;0;;;;componentes-ruedas-componentes-ruedas-completas-20;https://jlwenti.com/website/image?model=product.public.category&id=380&field=image_512
417;1;BMX;416;0;;;;componentes-ruedas-componentes-ruedas-completas-20-bmx;https://jlwenti.com/website/image?model=product.public.category&id=459&field=image_512
418;1;MTB;416;0;;;;componentes-ruedas-componentes-ruedas-completas-20-mtb;https://jlwenti.com/website/image?model=product.public.category&id=458&field=image_512
419;1;"24""";411;0;;;;componentes-ruedas-componentes-ruedas-completas-24;https://jlwenti.com/website/image?model=product.public.category&id=381&field=image_512
420;1;"26""";411;0;;;;componentes-ruedas-componentes-ruedas-completas-26;https://jlwenti.com/website/image?model=product.public.category&id=382&field=image_512
421;1;Disco;420;0;;;;componentes-ruedas-componentes-ruedas-completas-26-disco;https://jlwenti.com/website/image?model=product.public.category&id=456&field=image_512
422;1;V-brake;420;0;;;;componentes-ruedas-componentes-ruedas-completas-26-v-brake;https://jlwenti.com/website/image?model=product.public.category&id=457&field=image_512
423;1;"27,5""";411;0;;;;componentes-ruedas-componentes-ruedas-completas-27-5;https://jlwenti.com/website/image?model=product.public.category&id=383&field=image_512
424;1;"29""";411;0;;;;componentes-ruedas-componentes-ruedas-completas-29;https://jlwenti.com/website/image?model=product.public.category&id=385&field=image_512
425;1;700;411;0;;;;componentes-ruedas-componentes-ruedas-completas-700;https://jlwenti.com/website/image?model=product.public.category&id=384&field=image_512
426;1;Tuercas;407;0;;;;componentes-ruedas-componentes-tuercas;https://jlwenti.com/website/image?model=product.public.category&id=242&field=image_512
427;1;Bujes;407;0;;;;componentes-ruedas-componentes-bujes;https://jlwenti.com/website/image?model=product.public.category&id=237&field=image_512
428;1;Ejes de rueda;407;0;;;;componentes-ruedas-componentes-ejes-de-rueda;https://jlwenti.com/website/image?model=product.public.category&id=238&field=image_512
429;1;Válvulas;407;0;;;;componentes-ruedas-componentes-valvulas;https://jlwenti.com/website/image?model=product.public.category&id=244&field=image_512
430;1;Fondos de llanta;407;0;;;;componentes-ruedas-componentes-fondos-de-llanta;https://jlwenti.com/website/image?model=product.public.category&id=42&field=image_512
431;1;Sillines;226;0;;;;componentes-sillines;https://jlwenti.com/website/image?model=product.public.category&id=67&field=image_512
432;1;CTB;431;0;;;;componentes-sillines-ctb;https://jlwenti.com/website/image?model=product.public.category&id=498&field=image_512
433;1;Infantiles;431;0;;;;componentes-sillines-infantiles;https://jlwenti.com/website/image?model=product.public.category&id=265&field=image_512
434;1;Bmx;431;0;;;;componentes-sillines-bmx;https://jlwenti.com/website/image?model=product.public.category&id=263&field=image_512
435;1;Cadete;431;0;;;;componentes-sillines-cadete;https://jlwenti.com/website/image?model=product.public.category&id=487&field=image_512
436;1;MTB;431;0;;;;componentes-sillines-mtb;https://jlwenti.com/website/image?model=product.public.category&id=126&field=image_512
437;1;Elastomeros;431;0;;;;componentes-sillines-elastomeros;https://jlwenti.com/website/image?model=product.public.category&id=264&field=image_512
438;1;Con muelles;431;0;;;;componentes-sillines-con-muelles;https://jlwenti.com/website/image?model=product.public.category&id=68&field=image_512
439;1;Ciclostatic;431;0;;;;componentes-sillines-ciclostatic;https://jlwenti.com/website/image?model=product.public.category&id=351&field=image_512
440;1;Nuez de sillin;431;0;;;;componentes-sillines-nuez-de-sillin;https://jlwenti.com/website/image?model=product.public.category&id=266&field=image_512
441;1;Fundas de sillin;431;0;;;;componentes-sillines-fundas-de-sillin;https://jlwenti.com/website/image?model=product.public.category&id=267&field=image_512
442;1;Tijas de sillin;226;0;;;;componentes-tijas-de-sillin;https://jlwenti.com/website/image?model=product.public.category&id=268&field=image_512
443;1;Tija;442;0;;;;componentes-tijas-de-sillin-tija;https://jlwenti.com/website/image?model=product.public.category&id=270&field=image_512
444;1;Tubo;442;0;;;;componentes-tijas-de-sillin-tubo;https://jlwenti.com/website/image?model=product.public.category&id=269&field=image_512
445;1;Telescopica;442;0;;;;componentes-tijas-de-sillin-telescopica;https://jlwenti.com/website/image?model=product.public.category&id=500&field=image_512
446;1;Moto;1;1;;;;moto;https://jlwenti.com/website/image?model=product.public.category&id=304&field=image_512
447;1;Adhesivos;446;0;;;;moto-adhesivos;https://jlwenti.com/website/image?model=product.public.category&id=352&field=image_512
448;1;Prisioneros;446;0;;;;moto-prisioneros;https://jlwenti.com/website/image?model=product.public.category&id=318&field=image_512
449;1;Puños;446;0;;;;moto-punos;https://jlwenti.com/website/image?model=product.public.category&id=310&field=image_512
450;1;Tubos de gasolina;446;0;;;;moto-tubos-de-gasolina;https://jlwenti.com/website/image?model=product.public.category&id=305&field=image_512
451;1;Varios;446;0;;;;moto-varios;https://jlwenti.com/website/image?model=product.public.category&id=306&field=image_512
452;1;Taller;1;1;;;;taller;https://jlwenti.com/website/image?model=product.public.category&id=32&field=image_512
453;1;Banco de taller;452;0;;;;taller-banco-de-taller;https://jlwenti.com/website/image?model=product.public.category&id=273&field=image_512
454;1;Mantenimiento bicicleta;452;0;;;;taller-mantenimiento-bicicleta;https://jlwenti.com/website/image?model=product.public.category&id=341&field=image_512
455;1;Antipinchazos;454;0;;;;taller-mantenimiento-bicicleta-antipinchazos;https://jlwenti.com/website/image?model=product.public.category&id=342&field=image_512
456;1;Grasas;454;0;;;;taller-mantenimiento-bicicleta-grasas;https://jlwenti.com/website/image?model=product.public.category&id=344&field=image_512
457;1;Limpiadores;454;0;;;;taller-mantenimiento-bicicleta-limpiadores;https://jlwenti.com/website/image?model=product.public.category&id=343&field=image_512
458;1;Lubricantes;454;0;;;;taller-mantenimiento-bicicleta-lubricantes;https://jlwenti.com/website/image?model=product.public.category&id=345&field=image_512
459;1;Otros;454;0;;;;taller-mantenimiento-bicicleta-otros;https://jlwenti.com/website/image?model=product.public.category&id=346&field=image_512
460;1;Herramientas;452;0;;;;taller-herramientas;https://jlwenti.com/website/image?model=product.public.category&id=33&field=image_512
461;1;Desmontables;460;0;;;;taller-herramientas-desmontables;https://jlwenti.com/website/image?model=product.public.category&id=34&field=image_512
462;1;Extractores;460;0;;;;taller-herramientas-extractores;https://jlwenti.com/website/image?model=product.public.category&id=285&field=image_512
463;1;Kit herramientas;460;0;;;;taller-herramientas-kit-herramientas;https://jlwenti.com/website/image?model=product.public.category&id=340&field=image_512
464;1;Llave pedalier;460;0;;;;taller-herramientas-llave-pedalier;https://jlwenti.com/website/image?model=product.public.category&id=339&field=image_512
465;1;Tornilleria;460;0;;;;taller-herramientas-tornilleria;https://jlwenti.com/website/image?model=product.public.category&id=292&field=image_512
466;1;Tronchacadenas;460;0;;;;taller-herramientas-tronchacadenas;https://jlwenti.com/website/image?model=product.public.category&id=289&field=image_512
467;1;LLave de cadena;460;0;;;;taller-herramientas-llave-de-cadena;https://jlwenti.com/website/image?model=product.public.category&id=286&field=image_512
468;1;Llave piñon;460;0;;;;taller-herramientas-llave-pinon;https://jlwenti.com/website/image?model=product.public.category&id=287&field=image_512
469;1;Llave radios;460;0;;;;taller-herramientas-llave-radios;https://jlwenti.com/website/image?model=product.public.category&id=288&field=image_512
470;1;Parches;460;0;;;;taller-herramientas-parches;https://jlwenti.com/website/image?model=product.public.category&id=291&field=image_512
471;1;Torque;460;0;;;;taller-herramientas-torque;https://jlwenti.com/website/image?model=product.public.category&id=490&field=image_512
472;1;Varios;460;0;;;;taller-herramientas-varios;https://jlwenti.com/website/image?model=product.public.category&id=61&field=image_512
473;1;Ropa y protecciones;1;1;;;;ropa-y-protecciones;https://jlwenti.com/website/image?model=product.public.category&id=451&field=image_512
474;1;Botines y calcetines;473;0;;;;ropa-y-protecciones-botines-y-calcetines;https://jlwenti.com/website/image?model=product.public.category&id=312&field=image_512
475;1;Gafas;473;0;;;;ropa-y-protecciones-gafas;https://jlwenti.com/website/image?model=product.public.category&id=491&field=image_512
476;1;Protecciones;473;0;;;;ropa-y-protecciones-protecciones;https://jlwenti.com/website/image?model=product.public.category&id=337&field=image_512
477;1;Zapatillas;473;0;;;;ropa-y-protecciones-zapatillas;https://jlwenti.com/website/image?model=product.public.category&id=499&field=image_512
478;1;Cascos;473;0;;;;ropa-y-protecciones-cascos;https://jlwenti.com/website/image?model=product.public.category&id=308&field=image_512
479;1;Adulto;478;0;;;;ropa-y-protecciones-cascos-adulto;https://jlwenti.com/website/image?model=product.public.category&id=309&field=image_512
480;1;Infantiles;478;0;;;;ropa-y-protecciones-cascos-infantiles;https://jlwenti.com/website/image?model=product.public.category&id=317&field=image_512
481;1;Impermeable;473;0;;;;ropa-y-protecciones-impermeable;https://jlwenti.com/website/image?model=product.public.category&id=313&field=image_512
482;1;Invierno;473;0;;;;ropa-y-protecciones-invierno;https://jlwenti.com/website/image?model=product.public.category&id=314&field=image_512
483;1;Verano;473;0;;;;ropa-y-protecciones-verano;https://jlwenti.com/website/image?model=product.public.category&id=315&field=image_512
484;1;Guantes;473;0;;;;ropa-y-protecciones-guantes;https://jlwenti.com/website/image?model=product.public.category&id=319&field=image_512
485;1;Adulto;484;0;;;;ropa-y-protecciones-guantes-adulto;https://jlwenti.com/website/image?model=product.public.category&id=321&field=image_512
486;1;Invierno;484;0;;;;ropa-y-protecciones-guantes-invierno;https://jlwenti.com/website/image?model=product.public.category&id=460&field=image_512
487;1;Infantiles;484;0;;;;ropa-y-protecciones-guantes-infantiles;https://jlwenti.com/website/image?model=product.public.category&id=320&field=image_512
488;1;Otros;1;1;;;;otros;https://jlwenti.com/website/image?model=product.public.category&id=1&field=image_512
489;1;Carritos;488;0;;;;otros-carritos;https://jlwenti.com/website/image?model=product.public.category&id=293&field=image_512
490;1;Portabicicletas;488;0;;;;otros-portabicicletas;https://jlwenti.com/website/image?model=product.public.category&id=295&field=image_512
491;1;Accesorios;490;0;;;;otros-portabicicletas-accesorios;https://jlwenti.com/website/image?model=product.public.category&id=296&field=image_512
492;1;Techo;490;0;;;;otros-portabicicletas-techo;https://jlwenti.com/website/image?model=product.public.category&id=297&field=image_512
493;1;Trasero;490;0;;;;otros-portabicicletas-trasero;https://jlwenti.com/website/image?model=product.public.category&id=298&field=image_512
494;1;Rodillos;488;0;;;;otros-rodillos;https://jlwenti.com/website/image?model=product.public.category&id=299&field=image_512
495;1;Scooter;488;0;;;;otros-scooter;https://jlwenti.com/website/image?model=product.public.category&id=300&field=image_512
496;1;Ciclostatic / Spinning;488;0;;;;otros-ciclostatic-spinning;https://jlwenti.com/website/image?model=product.public.category&id=302&field=image_512
497;1;Patinete;1;1;;;;patinete;https://jlwenti.com/website/image?model=product.public.category&id=506&field=image_512
498;1;Cubiertas;497;0;;;;patinete-cubiertas;https://jlwenti.com/website/image?model=product.public.category&id=508&field=image_512
499;1;Camaras;497;0;;;;patinete-camaras;https://jlwenti.com/website/image?model=product.public.category&id=521&field=image_512
500;1;Ruedas y despieze;497;0;;;;patinete-ruedas-y-despieze;https://jlwenti.com/website/image?model=product.public.category&id=522&field=image_512
501;1;Chasis y partes;497;0;;;;patinete-chasis-y-partes;https://jlwenti.com/website/image?model=product.public.category&id=519&field=image_512
502;1;Cableado;497;0;;;;patinete-cableado;https://jlwenti.com/website/image?model=product.public.category&id=520&field=image_512
503;1;Luces;497;0;;;;patinete-luces;https://jlwenti.com/website/image?model=product.public.category&id=512&field=image_512
504;1;Eléctrico;497;0;;;;patinete-electrico;https://jlwenti.com/website/image?model=product.public.category&id=509&field=image_512
505;1;Frenos;497;0;;;;patinete-frenos;https://jlwenti.com/website/image?model=product.public.category&id=507&field=image_512
506;1;Varios;497;0;;;;patinete-varios;https://jlwenti.com/website/image?model=product.public.category&id=510&field=image_512
507;1;Fixie Bike;1;1;;;;fixie-bike;https://jlwenti.com/website/image?model=product.public.category&id=359&field=image_512
508;1;Recambios Ebikes;1;1;;;;recambios-ebikes;https://jlwenti.com/website/image?model=product.public.category&id=525&field=image_512
509;1;Centralitas;508;0;;;;recambios-ebikes-centralitas;https://jlwenti.com/website/image?model=product.public.category&id=526&field=image_512
510;1;Luces;508;0;;;;recambios-ebikes-luces;https://jlwenti.com/website/image?model=product.public.category&id=531&field=image_512
511;1;Varios;508;0;;;;recambios-ebikes-varios;https://jlwenti.com/website/image?model=product.public.category&id=530&field=image_512
512;1;Conexiones;508;0;;;;recambios-ebikes-conexiones;https://jlwenti.com/website/image?model=product.public.category&id=527&field=image_512
513;1;Sensores;508;0;;;;recambios-ebikes-sensores;https://jlwenti.com/website/image?model=product.public.category&id=528&field=image_512
514;1;Display;508;0;;;;recambios-ebikes-display;https://jlwenti.com/website/image?model=product.public.category&id=529&field=image_512
515;1;Fat Bike;1;1;;;;fat-bike;https://jlwenti.com/website/image?model=product.public.category&id=357&field=image_512
